{
  "market": "over_under",
  "accuracy": 0.5219298245614035,
  "baseline_accuracy": 0.5526315789473685,
  "improvement": -0.030701754385965008,
  "train_samples": 912,
  "test_samples": 228,
  "precision": 0.5454545454545454,
  "recall": 0.8095238095238095,
  "f1_score": 0.6517571884984026,
  "roc_auc": 0.5
}